[{
	"name": "I got hairy legs!",
	"file": "i-got-hairy-legs.mp3"
},{
	"name": "I learned about roaches",
	"file": "i-learned-about-roaches.mp3"
},{
	"name": "I love kids jumping on my lap",
	"file": "i-love-kids-jumping-on-my-lap.mp3"
},{
	"name": "Learned about kids jumping on my lap",
	"file": "learned-about-kids-jumping-on-my-lap.mp3"
},{
	"name": "Rub my leg down!",
	"file": "rub-my-leg-down.mp3"
},{
	"name": "Watch the hair come back up again",
	"file": "watch-the-hair.mp3"
},{
	"name":"Stock market is roaring",
	"file":"stock-market-is-roaring.mp3"
},{
	"name":"I make no apologies!",
	"file":"i-make-no-apologize.mp3"
},{
	"name":"You may cut me, man!",
	"file":"you-may-cut-me-man.mp3"
},{
	"name":"Corn Pop was a bad dude",
	"file":"corn-pop-was-a-bad-dude.mp3"
},{
	"name":"Lying dog-faced Pony Soldier",
	"file":"lying-dog-faced-pony-soldier.mp3"
},{
	"name":"I was a democratic caucus",
	"file":"i-was-a-democratic-caucus.mp3"
},{
	"name":"You ain't black!",
	"file":"you-aint-black.mp3"
},{
	"name":"I'm Joe Biden's husband",
	"file":"joe-bidens-husband.mp3"
},{
	"name":"My long friend",
	"file":"long-friend.mp3"
},{
	"name":"Truth over facts!",
	"file":"truth-over-facts.mp3"
},{
	"name":"Poor kids just as smart as white kids",
	"file":"poor-kids.mp3"
}]
